{"Mosaics": {"_type": "images/separated", "width": 1280, "height": 1280, "format": "jpg", "count": 10, "filenames": ["media/images/Mosaics_0_8cd18d72bf2628d30e44.jpg", "media/images/Mosaics_0_6c6ac08742c1738d1dfc.jpg", "media/images/Mosaics_0_4f8c6d7569083aae0218.jpg", "media/images/Mosaics_0_edb562ce2a5f3c0ae432.jpg", "media/images/Mosaics_0_69f99422f772141c9db7.jpg", "media/images/Mosaics_0_76c1f0e19af558a67f10.jpg", "media/images/Mosaics_0_5c128a270cd9a0f14ac9.jpg", "media/images/Mosaics_0_85a791fe8bb0f9bf0d65.jpg", "media/images/Mosaics_0_2fc7979ca28a2edd0525.jpg", "media/images/Mosaics_0_fee6ccdd337cfd629f1b.jpg"], "captions": ["train_batch0.jpg", "train_batch4.jpg", "train_batch2.jpg", "train_batch5.jpg", "train_batch1.jpg", "train_batch7.jpg", "train_batch3.jpg", "train_batch6.jpg", "train_batch8.jpg", "train_batch9.jpg"]}, "train/box_loss": 0.13009114563465118, "train/obj_loss": 0.04096049815416336, "train/cls_loss": 0.04306711256504059, "metrics/precision": 0.0176690674507514, "metrics/recall": 0.0667040749432894, "metrics/mAP_0.5": 0.00872153079300118, "metrics/mAP_0.5:0.95": 0.0017127892431900165, "val/box_loss": 0.15696807205677032, "val/obj_loss": 0.05156753957271576, "val/cls_loss": 0.033263612538576126, "x/lr0": 0.000333037037037037, "x/lr1": 0.000333037037037037, "x/lr2": 0.06702933333333333, "_timestamp": 1699203431.5999959, "_runtime": 884.7245109081268, "_step": 0, "_wandb": {"runtime": 1513}}