{"train/cls_loss": 0.00869126245379448, "Mosaics": {"width": 1280, "captions": ["train_batch0.jpg", "train_batch4.jpg", "train_batch2.jpg", "train_batch5.jpg", "train_batch1.jpg", "train_batch7.jpg", "train_batch3.jpg", "train_batch6.jpg", "train_batch8.jpg", "train_batch9.jpg"], "count": 10, "filenames": ["media/images/Mosaics_0_bfb5c97071be1fc11ca4.jpg", "media/images/Mosaics_0_db49367b386149fa557b.jpg", "media/images/Mosaics_0_64e883aed5fa8d356112.jpg", "media/images/Mosaics_0_14447f94029250bf1cda.jpg", "media/images/Mosaics_0_64677d516826a46e1a46.jpg", "media/images/Mosaics_0_969ca10d8f0da53f815e.jpg", "media/images/Mosaics_0_e4b3787f91f60d6a0fbe.jpg", "media/images/Mosaics_0_ad66888a8c8065e3f9d0.jpg", "media/images/Mosaics_0_4ba79290e9cec6c9bc88.jpg", "media/images/Mosaics_0_bc3b58c8f2570ecbe843.jpg"], "format": "jpg", "_type": "images/separated", "height": 1280}, "val/obj_loss": 0.0950545221567154, "_runtime": 19483.251266241074, "x/lr0": 0.0006536081383108212, "x/lr2": 0.0339876485852066, "_step": 1, "metrics/precision": 0.6577623038843698, "val/cls_loss": 0.01837338879704475, "Bounding Box Debugger/Images": {"count": 16, "filenames": ["media/images/Bounding Box Debugger/Images_1_7650c42bc7eda95519f5.png", "media/images/Bounding Box Debugger/Images_1_7d3880eccadedc75b725.png", "media/images/Bounding Box Debugger/Images_1_3664d939632f18808625.png", "media/images/Bounding Box Debugger/Images_1_c37be1e9f5c4c26461fb.png", "media/images/Bounding Box Debugger/Images_1_37f2b30cfa481fe7202f.png", "media/images/Bounding Box Debugger/Images_1_5ce4de3f3e5bba8e3260.png", "media/images/Bounding Box Debugger/Images_1_494812ed8243a8c86087.png", "media/images/Bounding Box Debugger/Images_1_06cbca4623dfaa308016.png", "media/images/Bounding Box Debugger/Images_1_b1e3d1f73c803e9bd42e.png", "media/images/Bounding Box Debugger/Images_1_4a04d2a171e066b69d54.png", "media/images/Bounding Box Debugger/Images_1_e8618c892bd185003479.png", "media/images/Bounding Box Debugger/Images_1_35fe0dddabe8ccc33b9e.png", "media/images/Bounding Box Debugger/Images_1_d3aea002f355c2fb86ba.png", "media/images/Bounding Box Debugger/Images_1_6ab025c5f15c4c60657b.png", "media/images/Bounding Box Debugger/Images_1_b272e487aa6fd5784256.png", "media/images/Bounding Box Debugger/Images_1_7d99ac4083f1385d0863.png"], "height": 448, "width": 704, "captions": ["0000003_00231_d_0000016.jpg", "0000293_01401_d_0000929.jpg", "0000293_02401_d_0000934.jpg", "0000293_02601_d_0000935.jpg", "0000293_02801_d_0000936.jpg", "0000293_03401_d_0000939.jpg", "0000297_00001_d_0000057.jpg", "0000297_00201_d_0000058.jpg", "0000297_01401_d_0000064.jpg", "0000300_00001_d_0000138.jpg", "0000300_00601_d_0000141.jpg", "0000300_01001_d_0000143.jpg", "0000300_01201_d_0000144.jpg", "0000300_01801_d_0000147.jpg", "0000300_02001_d_0000148.jpg", "0000300_02401_d_0000150.jpg"], "format": "png", "_type": "images/separated", "all_boxes": [{"predictions": {"size": 57999, "_type": "boxes2D", "path": "media/metadata/boxes2D/Bounding Box Debugger/Images_1_eae28a3d5799f48829a0.boxes2D.json", "sha256": "eae28a3d5799f48829a02ad27837cebd6c3b57a313ed0f740ff86ee9b7ded2cd"}}, {"predictions": {"path": "media/metadata/boxes2D/Bounding Box Debugger/Images_1_60828ad428296bc81300.boxes2D.json", "sha256": "60828ad428296bc813007050234f9c52fda4e4d6276ebd394972ae9e156fbc45", "size": 56279, "_type": "boxes2D"}}, {"predictions": {"path": "media/metadata/boxes2D/Bounding Box Debugger/Images_1_f89ea469421209a6793b.boxes2D.json", "sha256": "f89ea469421209a6793be9f4e316d1c324d654c684ae41641a78d2dfc2e56e25", "size": 56366, "_type": "boxes2D"}}, {"predictions": {"_type": "boxes2D", "path": "media/metadata/boxes2D/Bounding Box Debugger/Images_1_cd24f66b16f567bafdf5.boxes2D.json", "sha256": "cd24f66b16f567bafdf5db22a979a66c52bce02d8380ce602a4e96ab988b6da2", "size": 56077}}, {"predictions": {"sha256": "6222eb6ebd8f9ef40f73d63d175b28101e364743714275acc12659ad77c01aaf", "size": 56137, "_type": "boxes2D", "path": "media/metadata/boxes2D/Bounding Box Debugger/Images_1_6222eb6ebd8f9ef40f73.boxes2D.json"}}, {"predictions": {"_type": "boxes2D", "path": "media/metadata/boxes2D/Bounding Box Debugger/Images_1_8a8f32815f62b66034f3.boxes2D.json", "sha256": "8a8f32815f62b66034f3ef28102c1d1b001e03b9c98f5b137e255e8ae8bd8f24", "size": 56194}}, {"predictions": {"path": "media/metadata/boxes2D/Bounding Box Debugger/Images_1_fc251944b4ec3bc15c93.boxes2D.json", "sha256": "fc251944b4ec3bc15c9388f72c4134a4d7b0852d8f1e96cd2c6d8c2bb41f65b8", "size": 56640, "_type": "boxes2D"}}, {"predictions": {"_type": "boxes2D", "path": "media/metadata/boxes2D/Bounding Box Debugger/Images_1_cb5d56cc7292db228459.boxes2D.json", "sha256": "cb5d56cc7292db228459310f8affe9df38aa59b0ce910d24495815cdb947191f", "size": 56799}}, {"predictions": {"path": "media/metadata/boxes2D/Bounding Box Debugger/Images_1_d3fc2d7fd619f8b8d1c1.boxes2D.json", "sha256": "d3fc2d7fd619f8b8d1c1001980f5e94ce81019f90b6d955841f23376da54fd68", "size": 56949, "_type": "boxes2D"}}, {"predictions": {"size": 56399, "_type": "boxes2D", "path": "media/metadata/boxes2D/Bounding Box Debugger/Images_1_c382610812393ac665a2.boxes2D.json", "sha256": "c382610812393ac665a270dbf1aad56587b55b645e2dcc69bf8a8200ece23f75"}}, {"predictions": {"size": 56616, "_type": "boxes2D", "path": "media/metadata/boxes2D/Bounding Box Debugger/Images_1_25ec1be6a4d6bf344612.boxes2D.json", "sha256": "25ec1be6a4d6bf344612397394c584694b656f4e6ea0f56704eb0d9827727f12"}}, {"predictions": {"_type": "boxes2D", "path": "media/metadata/boxes2D/Bounding Box Debugger/Images_1_da78764c0a9195320f0e.boxes2D.json", "sha256": "da78764c0a9195320f0e91ca50a3b02f3298eee437750ad53e7a2c088fe200db", "size": 56512}}, {"predictions": {"size": 56531, "_type": "boxes2D", "path": "media/metadata/boxes2D/Bounding Box Debugger/Images_1_46a927c472dd1d5eb5d7.boxes2D.json", "sha256": "46a927c472dd1d5eb5d764385e4864000a072e6ae5d1ec8bd777aa95f85ddd57"}}, {"predictions": {"_type": "boxes2D", "path": "media/metadata/boxes2D/Bounding Box Debugger/Images_1_42069eb86f805c42addd.boxes2D.json", "sha256": "42069eb86f805c42adddbf3eba091a43788b93c42d9ba27c30afea16b7dcf921", "size": 56701}}, {"predictions": {"_type": "boxes2D", "path": "media/metadata/boxes2D/Bounding Box Debugger/Images_1_e27e9db36d95f2af24e6.boxes2D.json", "sha256": "e27e9db36d95f2af24e6635c0a931b68e862d9fe78d0c408f42877ac6735bc2b", "size": 56592}}, {"predictions": {"size": 56528, "_type": "boxes2D", "path": "media/metadata/boxes2D/Bounding Box Debugger/Images_1_fd9aa15162059294e563.boxes2D.json", "sha256": "fd9aa15162059294e563aead06e5154a0a91811f8e0cf6f79e0fbd0c4aff2b4d"}}]}, "_timestamp": 1699952296.1955893, "metrics/recall": 0.5252411005565016, "metrics/mAP_0.5": 0.5478884795966865, "x/lr1": 0.0006536081383108212, "train/obj_loss": 0.0410856194794178, "metrics/mAP_0.5:0.95": 0.310672889254495, "train/box_loss": 0.04305452108383179, "val/box_loss": 0.08117049187421799, "_wandb": {"runtime": 0}}