{"Mosaics": {"_type": "images/separated", "width": 1280, "height": 1280, "format": "jpg", "count": 10, "filenames": ["media/images/Mosaics_0_8cd18d72bf2628d30e44.jpg", "media/images/Mosaics_0_6c6ac08742c1738d1dfc.jpg", "media/images/Mosaics_0_4f8c6d7569083aae0218.jpg", "media/images/Mosaics_0_edb562ce2a5f3c0ae432.jpg", "media/images/Mosaics_0_69f99422f772141c9db7.jpg", "media/images/Mosaics_0_76c1f0e19af558a67f10.jpg", "media/images/Mosaics_0_5c128a270cd9a0f14ac9.jpg", "media/images/Mosaics_0_85a791fe8bb0f9bf0d65.jpg", "media/images/Mosaics_0_2fc7979ca28a2edd0525.jpg", "media/images/Mosaics_0_fee6ccdd337cfd629f1b.jpg"], "captions": ["train_batch0.jpg", "train_batch4.jpg", "train_batch2.jpg", "train_batch5.jpg", "train_batch1.jpg", "train_batch7.jpg", "train_batch3.jpg", "train_batch6.jpg", "train_batch8.jpg", "train_batch9.jpg"]}, "train/box_loss": 0.10770340263843536, "train/obj_loss": 0.055353377014398575, "train/cls_loss": 0.03478195518255234, "metrics/precision": 0.1630958666306271, "metrics/recall": 0.1218363250711189, "metrics/mAP_0.5": 0.05576966223714721, "metrics/mAP_0.5:0.95": 0.020698720018141832, "val/box_loss": 0.14415143430233002, "val/obj_loss": 0.0647539272904396, "val/cls_loss": 0.02912364900112152, "x/lr0": 0.0006655486913855768, "x/lr1": 0.0006655486913855768, "x/lr2": 0.034028511654348545, "_timestamp": 1699212193.217239, "_runtime": 872.86110496521, "_step": 1, "_wandb": {"runtime": 1115}}