{"Mosaics": {"_type": "images/separated", "width": 1280, "height": 1280, "format": "jpg", "count": 10, "filenames": ["media/images/Mosaics_0_8cd18d72bf2628d30e44.jpg", "media/images/Mosaics_0_6c6ac08742c1738d1dfc.jpg", "media/images/Mosaics_0_4f8c6d7569083aae0218.jpg", "media/images/Mosaics_0_edb562ce2a5f3c0ae432.jpg", "media/images/Mosaics_0_69f99422f772141c9db7.jpg", "media/images/Mosaics_0_76c1f0e19af558a67f10.jpg", "media/images/Mosaics_0_5c128a270cd9a0f14ac9.jpg", "media/images/Mosaics_0_85a791fe8bb0f9bf0d65.jpg", "media/images/Mosaics_0_2fc7979ca28a2edd0525.jpg", "media/images/Mosaics_0_fee6ccdd337cfd629f1b.jpg"], "captions": ["train_batch0.jpg", "train_batch4.jpg", "train_batch2.jpg", "train_batch5.jpg", "train_batch1.jpg", "train_batch7.jpg", "train_batch3.jpg", "train_batch6.jpg", "train_batch8.jpg", "train_batch9.jpg"]}, "train/box_loss": 0.05853251740336418, "train/obj_loss": 0.08024662733078003, "train/cls_loss": 0.01458295714110136, "metrics/precision": 0.5709277082406455, "metrics/recall": 0.32432993260567045, "metrics/mAP_0.5": 0.3528556031637903, "metrics/mAP_0.5:0.95": 0.19322494265051673, "val/box_loss": 0.11010289937257767, "val/obj_loss": 0.07987860590219498, "val/cls_loss": 0.02516537718474865, "x/lr0": 0.00020492466376194484, "x/lr1": 0.00020492466376194484, "x/lr2": 0.00020492466376194484, "_timestamp": 1699269864.5036383, "_runtime": 16572.450604200363, "_step": 40, "Bounding Box Debugger/Images": {"_type": "images/separated", "width": 704, "height": 448, "format": "png", "count": 16, "filenames": ["media/images/Bounding Box Debugger/Images_39_7650c42bc7eda95519f5.png", "media/images/Bounding Box Debugger/Images_39_7d3880eccadedc75b725.png", "media/images/Bounding Box Debugger/Images_39_3664d939632f18808625.png", "media/images/Bounding Box Debugger/Images_39_c37be1e9f5c4c26461fb.png", "media/images/Bounding Box Debugger/Images_39_37f2b30cfa481fe7202f.png", "media/images/Bounding Box Debugger/Images_39_5ce4de3f3e5bba8e3260.png", "media/images/Bounding Box Debugger/Images_39_494812ed8243a8c86087.png", "media/images/Bounding Box Debugger/Images_39_06cbca4623dfaa308016.png", "media/images/Bounding Box Debugger/Images_39_b1e3d1f73c803e9bd42e.png", "media/images/Bounding Box Debugger/Images_39_4a04d2a171e066b69d54.png", "media/images/Bounding Box Debugger/Images_39_e8618c892bd185003479.png", "media/images/Bounding Box Debugger/Images_39_35fe0dddabe8ccc33b9e.png", "media/images/Bounding Box Debugger/Images_39_d3aea002f355c2fb86ba.png", "media/images/Bounding Box Debugger/Images_39_6ab025c5f15c4c60657b.png", "media/images/Bounding Box Debugger/Images_39_b272e487aa6fd5784256.png", "media/images/Bounding Box Debugger/Images_39_7d99ac4083f1385d0863.png"], "captions": ["0000003_00231_d_0000016.jpg", "0000293_01401_d_0000929.jpg", "0000293_02401_d_0000934.jpg", "0000293_02601_d_0000935.jpg", "0000293_02801_d_0000936.jpg", "0000293_03401_d_0000939.jpg", "0000297_00001_d_0000057.jpg", "0000297_00201_d_0000058.jpg", "0000297_01401_d_0000064.jpg", "0000300_00001_d_0000138.jpg", "0000300_00601_d_0000141.jpg", "0000300_01001_d_0000143.jpg", "0000300_01201_d_0000144.jpg", "0000300_01801_d_0000147.jpg", "0000300_02001_d_0000148.jpg", "0000300_02401_d_0000150.jpg"], "all_boxes": [{"predictions": {"_type": "boxes2D", "sha256": "b636934d69875fcc35aff5d80eac02fec109b82cecb6b13325242691deb0cc26", "size": 57716, "path": "media/metadata/boxes2D/Bounding Box Debugger/Images_39_b636934d69875fcc35af.boxes2D.json"}}, {"predictions": {"_type": "boxes2D", "sha256": "1a99d032f18c4f7be0efb25a6e0251d2ac592acb532004162755f3a5cbb82ede", "size": 56094, "path": "media/metadata/boxes2D/Bounding Box Debugger/Images_39_1a99d032f18c4f7be0ef.boxes2D.json"}}, {"predictions": {"_type": "boxes2D", "sha256": "2317334e4e56cdc4fcdb198a07b93823c47f4744ec2805593de19fa6bea6e34e", "size": 56106, "path": "media/metadata/boxes2D/Bounding Box Debugger/Images_39_2317334e4e56cdc4fcdb.boxes2D.json"}}, {"predictions": {"_type": "boxes2D", "sha256": "32e71ea51c0c929925cfb88101aec6048a8f4fbc0611297f511bbd7c439d75c3", "size": 56080, "path": "media/metadata/boxes2D/Bounding Box Debugger/Images_39_32e71ea51c0c929925cf.boxes2D.json"}}, {"predictions": {"_type": "boxes2D", "sha256": "084024997740c3276a3543ffa4411c88065706da694a25dd87f2ab0746dc7698", "size": 55971, "path": "media/metadata/boxes2D/Bounding Box Debugger/Images_39_084024997740c3276a35.boxes2D.json"}}, {"predictions": {"_type": "boxes2D", "sha256": "7535787bd82ef7e4011ec86f50aec2c7055d304041cbaeadedd1af2d8574fde4", "size": 56111, "path": "media/metadata/boxes2D/Bounding Box Debugger/Images_39_7535787bd82ef7e4011e.boxes2D.json"}}, {"predictions": {"_type": "boxes2D", "sha256": "efe2eced35b56d5cc4dcc2b6dee43fe383b221849871574ec8aeffa8bb95181a", "size": 56611, "path": "media/metadata/boxes2D/Bounding Box Debugger/Images_39_efe2eced35b56d5cc4dc.boxes2D.json"}}, {"predictions": {"_type": "boxes2D", "sha256": "b660cdc1bef05a88915a908e6f15635ed5acf1a3b6c55f0caa82e97a1505d31d", "size": 56705, "path": "media/metadata/boxes2D/Bounding Box Debugger/Images_39_b660cdc1bef05a88915a.boxes2D.json"}}, {"predictions": {"_type": "boxes2D", "sha256": "9ed725ed97c5084a246749457109aa7229e68094895fb91657518da91fdfad70", "size": 57020, "path": "media/metadata/boxes2D/Bounding Box Debugger/Images_39_9ed725ed97c5084a2467.boxes2D.json"}}, {"predictions": {"_type": "boxes2D", "sha256": "ff125c30bba65867cfe28faa8bca448a0a68e1acd826d00313b9c3ddb2344e36", "size": 56222, "path": "media/metadata/boxes2D/Bounding Box Debugger/Images_39_ff125c30bba65867cfe2.boxes2D.json"}}, {"predictions": {"_type": "boxes2D", "sha256": "1af5677b9be9bf707bae66f3b125d2b2b2d922836141a57b0694c1c319d436e2", "size": 56438, "path": "media/metadata/boxes2D/Bounding Box Debugger/Images_39_1af5677b9be9bf707bae.boxes2D.json"}}, {"predictions": {"_type": "boxes2D", "sha256": "b7ee579feed723b83e8eb80077628a5d535543d312033c0c72c30b9b2aad43b9", "size": 56270, "path": "media/metadata/boxes2D/Bounding Box Debugger/Images_39_b7ee579feed723b83e8e.boxes2D.json"}}, {"predictions": {"_type": "boxes2D", "sha256": "cdbfec28aa36a37ec16d8174c9768e5cf0556dee01f080228b9e4f82b1ad28b7", "size": 56244, "path": "media/metadata/boxes2D/Bounding Box Debugger/Images_39_cdbfec28aa36a37ec16d.boxes2D.json"}}, {"predictions": {"_type": "boxes2D", "sha256": "0eabaa96463ca5b54a208a3e12874800c9224ca8ba6c012bafb266cac73a0a5e", "size": 56450, "path": "media/metadata/boxes2D/Bounding Box Debugger/Images_39_0eabaa96463ca5b54a20.boxes2D.json"}}, {"predictions": {"_type": "boxes2D", "sha256": "f5ba4b0cef83b4082f0be7adca3b79cfe703e0954270a63d6e5b401d0906b2d0", "size": 56415, "path": "media/metadata/boxes2D/Bounding Box Debugger/Images_39_f5ba4b0cef83b4082f0b.boxes2D.json"}}, {"predictions": {"_type": "boxes2D", "sha256": "977ed02450623e7ee144e3e44b5a21dc78776c065c05f85ae3dd4567b0af80ef", "size": 56267, "path": "media/metadata/boxes2D/Bounding Box Debugger/Images_39_977ed02450623e7ee144.boxes2D.json"}}]}, "Validation": {"_type": "images/separated", "width": 1280, "height": 816, "format": "jpg", "count": 6, "filenames": ["media/images/Validation_39_9a78fb70118208a718a2.jpg", "media/images/Validation_39_d1a462f476cdac50eb82.jpg", "media/images/Validation_39_4f3e3c0fbd7ac2be501d.jpg", "media/images/Validation_39_460e251d13fec6da9e81.jpg", "media/images/Validation_39_ee9f6e6388465c10a48d.jpg", "media/images/Validation_39_4b2f40060d24cf554f86.jpg"], "captions": ["test_batch0_labels.jpg", "test_batch0_pred.jpg", "test_batch1_labels.jpg", "test_batch1_pred.jpg", "test_batch2_labels.jpg", "test_batch2_pred.jpg"]}, "Results": {"_type": "images/separated", "width": 2400, "height": 1200, "format": "png", "count": 6, "filenames": ["media/images/Results_40_f31f14ace7c8cec25289.png", "media/images/Results_40_0477aa3ab486e9a50039.png", "media/images/Results_40_caddea9f23fa2362dfec.png", "media/images/Results_40_2b23ec6f21c069672429.png", "media/images/Results_40_0d52744e168788f6aa05.png", "media/images/Results_40_cc03772f12989791b35b.png"],